{"accuracy": [0.607212483882904, 0.8595348000526428, 0.9142755270004272, 0.9427270889282227, 0.9584749937057495, 0.9667543768882751, 0.9730706214904785, 0.9777366518974304, 0.9819901585578918, 0.9814353585243225], "loss": [1.3353257179260254, 0.4442141354084015, 0.2668478190898895, 0.17753571271896362, 0.12888096272945404, 0.10082625597715378, 0.08307977765798569, 0.0693974494934082, 0.05780709534883499, 0.05795441195368767], "val_accuracy": [0.8532893061637878, 0.9017755389213562, 0.9370589852333069, 0.9428636431694031, 0.949180543422699, 0.9528226852416992, 0.9597086310386658, 0.9655702114105225, 0.9700660109519958, 0.9529364705085754], "val_loss": [0.47884511947631836, 0.29846298694610596, 0.19217990338802338, 0.1752433031797409, 0.15917374193668365, 0.1540207713842392, 0.13324464857578278, 0.11676770448684692, 0.10283328592777252, 0.15607698261737823]}